ID,N_replicates,N_chains,Seeds,ipTM_LCB,Sum_CONTACTS,CONTACTS_HBOND,CONTACTS_SALT_BRIDGE,CONTACTS_HYDROPHOBIC,CONTACTS_DISULFIDE,CONTACTS_VDW,BSA_INT_PROTO,SD_THETA_ROT,S_PROTO,D_APEX,SD_THETA_APEX,THETA_APEX_mean,THETA_APEX_sd,L_APEX_mean,L_APEX_sd,H_ABS_mean,H_ABS_sd,MU_H_mean,MU_H_sd,ALPHA1_LINEARITY_mean,ALPHA1_LINEARITY_sd,ALPHA1_PLDDT_mean,ALPHA1_PLDDT_sd,D_MHD_P_mean,D_MHD_P_sd,D_CC_NB_LINKER_mean,D_CC_NB_LINKER_sd,L_CC_NB_LINKER_mean,L_CC_NB_LINKER_sd,ipTM_mean,ipTM_sd,Sum_CONTACTS_mean,Sum_CONTACTS_sd,CONTACTS_HBOND_mean,CONTACTS_HBOND_sd,CONTACTS_SALT_BRIDGE_mean,CONTACTS_SALT_BRIDGE_sd,CONTACTS_HYDROPHOBIC_mean,CONTACTS_HYDROPHOBIC_sd,CONTACTS_DISULFIDE_mean,CONTACTS_DISULFIDE_sd,CONTACTS_VDW_mean,CONTACTS_VDW_sd,BSA_INT_PROTO_mean,BSA_INT_PROTO_sd,SD_THETA_ROT_mean,SD_THETA_ROT_sd,SD_THETA_APEX_mean,SD_THETA_APEX_sd,S_PROTO_mean,S_PROTO_sd,D_APEX_mean,D_APEX_sd
hrt1_ccnbarc_hexa_oleic,1,6,[1],0.7,287.160878,22.843504,14.830533,75.660693,0.0,171.524352,2566.995783,0.0739,0.052,14.98,0.4147,28.753333,0.0,20.0,0.0,-0.437173,0.0,0.2935,0.0,0.932817,0.0,83.486667,0.0,,,,,,,0.7,0.0,287.160878,0.0,22.843504,0.0,14.830533,0.0,75.660693,0.0,0.0,0.0,171.524352,0.0,2566.995783,0.0,0.0739,0.0,0.4147,0.0,0.052,0.0,14.98,0.0
hrt1_ccnbarc_penta_oleic,1,5,[1],0.62,319.989552,32.926464,21.0,78.382056,0.0,187.217969,2369.127003,0.2481,0.032,12.76,0.3941,30.504,0.0,20.0,0.0,-0.507229,0.0,0.2935,0.0,0.93098,0.0,80.49,0.0,,,,,,,0.62,0.0,319.989552,0.0,32.926464,0.0,21.0,0.0,78.382056,0.0,0.0,0.0,187.217969,0.0,2369.127003,0.0,0.2481,0.0,0.3941,0.0,0.032,0.0,12.76,0.0
pit_ccnbarc_hexa_oleic,1,6,[1],0.66,299.12,18.003025,26.698483,73.2,0.0,179.982334,2893.826686,0.1605,0.065,26.23,0.3858,15.19,0.0,57.0,0.0,-0.27319,0.0,0.2121,0.0,0.90675,0.0,82.425,0.0,,,,,,,0.66,0.0,299.12,0.0,18.003025,0.0,26.698483,0.0,73.2,0.0,0.0,0.0,179.982334,0.0,2893.826686,0.0,0.1605,0.0,0.3858,0.0,0.065,0.0,26.23,0.0
pit_ccnbarc_penta_oleic,1,5,[1],0.67,342.932778,27.380194,28.808,83.464,0.0,201.199905,2949.465003,0.0632,0.024,20.82,0.3481,10.886,0.0,59.0,0.0,-0.161589,0.0,0.2044,0.0,0.90742,0.0,83.038,0.0,,,,,,,0.67,0.0,342.932778,0.0,27.380194,0.0,28.808,0.0,83.464,0.0,0.0,0.0,201.199905,0.0,2949.465003,0.0,0.0632,0.0,0.3481,0.0,0.024,0.0,20.82,0.0
pm2a_ccnbarc_hexa_oleic,1,6,[1],0.7,350.790467,38.49393,21.046616,83.05008,0.0,205.60518,2685.581137,0.0598,0.018,25.22,0.2672,40.218333,0.0,36.0,0.0,-0.421463,0.0,0.1829,0.0,0.975417,0.0,85.483333,0.0,,,,,,,0.7,0.0,350.790467,0.0,38.49393,0.0,21.046616,0.0,83.05008,0.0,0.0,0.0,205.60518,0.0,2685.581137,0.0,0.0598,0.0,0.2672,0.0,0.018,0.0,25.22,0.0
pm2a_ccnbarc_penta_oleic,1,5,[1],0.71,311.228883,29.066635,21.9199,66.070663,0.0,193.423065,2541.492767,0.0412,0.033,25.64,0.3014,40.624,0.0,36.0,0.0,-0.359574,0.0,0.1829,0.0,0.9754,0.0,85.676,0.0,,,,,,,0.71,0.0,311.228883,0.0,29.066635,0.0,21.9199,0.0,66.070663,0.0,0.0,0.0,193.423065,0.0,2541.492767,0.0,0.0412,0.0,0.3014,0.0,0.033,0.0,25.64,0.0
ptr1_ccnbarc_hexa_oleic,1,6,[1],0.66,303.64426,35.49393,12.697617,69.572974,0.0,183.731102,2671.47388,0.0819,0.028,25.62,0.1524,53.47,0.0,31.0,0.0,-0.377632,0.0,0.2788,0.0,0.967883,0.0,73.201667,0.0,,,,,,,0.66,0.0,303.64426,0.0,35.49393,0.0,12.697617,0.0,69.572974,0.0,0.0,0.0,183.731102,0.0,2671.47388,0.0,0.0819,0.0,0.1524,0.0,0.028,0.0,25.62,0.0
ptr1_ccnbarc_penta_oleic,1,5,[1],0.62,295.852928,28.9199,9.0,61.600592,0.0,195.760387,2230.78397,0.1121,0.045,41.25,0.2578,37.3,0.0,28.0,0.0,-0.354422,0.0,0.2702,0.0,0.92968,0.0,63.954,0.0,,,,,,,0.62,0.0,295.852928,0.0,28.9199,0.0,9.0,0.0,61.600592,0.0,0.0,0.0,195.760387,0.0,2230.78397,0.0,0.1121,0.0,0.2578,0.0,0.045,0.0,41.25,0.0
r3a_ccnbarc_hexa_oleic,1,6,[1],0.59,245.431829,32.564323,15.364283,26.65552,0.0,169.556619,2025.749266,0.1325,0.058,45.57,0.505,28.425,0.0,53.0,0.0,-0.305684,0.0,0.087,0.0,0.845183,0.0,44.683333,0.0,,,,,,,0.59,0.0,245.431829,0.0,32.564323,0.0,15.364283,0.0,26.65552,0.0,0.0,0.0,169.556619,0.0,2025.749266,0.0,0.1325,0.0,0.505,0.0,0.058,0.0,45.57,0.0
r3a_ccnbarc_penta_oleic,1,5,[1],0.6,215.81503,26.424,15.2398,31.582371,0.0,139.354606,2028.589844,0.0994,0.07,29.69,0.2219,41.728,0.0,21.0,0.0,-0.407362,0.0,0.2736,0.0,0.9262,0.0,60.25,0.0,,,,,,,0.6,0.0,215.81503,0.0,26.424,0.0,15.2398,0.0,31.582371,0.0,0.0,0.0,139.354606,0.0,2028.589844,0.0,0.0994,0.0,0.2219,0.0,0.07,0.0,29.69,0.0
rpi_blb1_ccnbarc_hexa_oleic,1,6,[1],0.71,253.786482,25.564323,8.0,61.245156,0.0,158.197772,2325.933289,0.056,0.049,16.51,0.0871,16.688333,0.0,52.0,0.0,-0.493976,0.0,0.2937,0.0,0.924667,0.0,87.4,0.0,,,,,,,0.71,0.0,253.786482,0.0,25.564323,0.0,8.0,0.0,61.245156,0.0,0.0,0.0,158.197772,0.0,2325.933289,0.0,0.056,0.0,0.0871,0.0,0.049,0.0,16.51,0.0
rpi_blb1_ccnbarc_penta_oleic,1,5,[1],0.73,250.754189,21.408,14.0,66.816,0.0,148.027513,2375.6574,0.0435,0.017,15.22,0.1174,16.006,0.0,51.0,0.0,-0.518012,0.0,0.3153,0.0,0.92394,0.0,90.042,0.0,,,,,,,0.73,0.0,250.754189,0.0,21.408,0.0,14.0,0.0,66.816,0.0,0.0,0.0,148.027513,0.0,2375.6574,0.0,0.0435,0.0,0.1174,0.0,0.017,0.0,15.22,0.0
rpm1_ccnbarc_hexa_oleic,1,6,[1],0.72,293.852928,18.920129,22.0,93.286487,0.0,158.613711,2624.950413,0.1025,0.047,17.7,0.1264,16.431667,0.0,50.0,0.0,-0.219403,0.0,0.1713,0.0,0.937783,0.0,84.9,0.0,,,,,,,0.72,0.0,293.852928,0.0,18.920129,0.0,22.0,0.0,93.286487,0.0,0.0,0.0,158.613711,0.0,2624.950413,0.0,0.1025,0.0,0.1264,0.0,0.047,0.0,17.7,0.0
rpm1_ccnbarc_penta_oleic,1,5,[1],0.7,292.317169,16.380194,21.808,95.614582,0.0,157.861128,2523.979696,0.1256,0.041,17.4,0.0755,16.638,0.0,50.0,0.0,-0.235644,0.0,0.1713,0.0,0.92914,0.0,84.922,0.0,,,,,,,0.7,0.0,292.317169,0.0,16.380194,0.0,21.808,0.0,95.614582,0.0,0.0,0.0,157.861128,0.0,2523.979696,0.0,0.1256,0.0,0.0755,0.0,0.041,0.0,17.4,0.0
rz2_ccnbarc_hexa_oleic,1,6,[1],0.6,320.825002,27.123461,22.23099,65.770616,0.0,204.812859,2700.220583,0.1848,0.096,48.37,1.3761,27.245,0.0,29.0,0.0,-0.28042,0.0,0.2222,0.0,0.93005,0.0,42.523333,0.0,,,,,,,0.6,0.0,320.825002,0.0,27.123461,0.0,22.23099,0.0,65.770616,0.0,0.0,0.0,204.812859,0.0,2700.220583,0.0,0.1848,0.0,1.3761,0.0,0.096,0.0,48.37,0.0
rz2_ccnbarc_penta_oleic,1,5,[1],0.62,344.617969,34.066635,15.1199,58.513944,0.0,234.285339,2694.499504,0.0141,0.051,52.6,1.9535,29.244,0.0,29.0,0.0,-0.256818,0.0,0.2222,0.0,0.9353,0.0,45.136,0.0,,,,,,,0.62,0.0,344.617969,0.0,34.066635,0.0,15.1199,0.0,58.513944,0.0,0.0,0.0,234.285339,0.0,2694.499504,0.0,0.0141,0.0,1.9535,0.0,0.051,0.0,52.6,0.0
